12,11,7JMfd5iATf887erjCYA+WjzmLEE=,moOu5/PbnOvTpVfNdqKjyd5n2P0=
11,11,7JMfd5iATf887erjCYA+WjzmLEE=,moOu5/PbnOvTpVfNdqKjyd5n2P0=
10,11,7JMfd5iATf887erjCYA+WjzmLEE=,moOu5/PbnOvTpVfNdqKjyd5n2P0=
9,11,7JMfd5iATf887erjCYA+WjzmLEE=,moOu5/PbnOvTpVfNdqKjyd5n2P0=
14,10,7JMfd5iATf887erjCYA+WjzmLEE=,moOu5/PbnOvTpVfNdqKjyd5n2P0=
13,10,7JMfd5iATf887erjCYA+WjzmLEE=,moOu5/PbnOvTpVfNdqKjyd5n2P0=
12,10,7JMfd5iATf887erjCYA+WjzmLEE=,moOu5/PbnOvTpVfNdqKjyd5n2P0=
11,10,7JMfd5iATf887erjCYA+WjzmLEE=,moOu5/PbnOvTpVfNdqKjyd5n2P0=
10,10,7JMfd5iATf887erjCYA+WjzmLEE=,moOu5/PbnOvTpVfNdqKjyd5n2P0=
14,14,zsUpaYwJFjNCjfTWfHsEqF29lXU=,moOu5/PbnOvTpVfNdqKjyd5n2P0=
13,14,7JMfd5iATf887erjCYA+WjzmLEE=,moOu5/PbnOvTpVfNdqKjyd5n2P0=
9,10,7JMfd5iATf887erjCYA+WjzmLEE=,moOu5/PbnOvTpVfNdqKjyd5n2P0=
14,9,zsUpaYwJFjNCjfTWfHsEqF29lXU=,moOu5/PbnOvTpVfNdqKjyd5n2P0=
13,9,zsUpaYwJFjNCjfTWfHsEqF29lXU=,moOu5/PbnOvTpVfNdqKjyd5n2P0=
12,14,7JMfd5iATf887erjCYA+WjzmLEE=,moOu5/PbnOvTpVfNdqKjyd5n2P0=
12,9,zsUpaYwJFjNCjfTWfHsEqF29lXU=,moOu5/PbnOvTpVfNdqKjyd5n2P0=
11,14,7JMfd5iATf887erjCYA+WjzmLEE=,moOu5/PbnOvTpVfNdqKjyd5n2P0=
10,14,7JMfd5iATf887erjCYA+WjzmLEE=,moOu5/PbnOvTpVfNdqKjyd5n2P0=
9,14,7JMfd5iATf887erjCYA+WjzmLEE=,moOu5/PbnOvTpVfNdqKjyd5n2P0=
11,9,zsUpaYwJFjNCjfTWfHsEqF29lXU=,moOu5/PbnOvTpVfNdqKjyd5n2P0=
9,9,zsUpaYwJFjNCjfTWfHsEqF29lXU=,moOu5/PbnOvTpVfNdqKjyd5n2P0=
14,13,7JMfd5iATf887erjCYA+WjzmLEE=,moOu5/PbnOvTpVfNdqKjyd5n2P0=
13,13,7JMfd5iATf887erjCYA+WjzmLEE=,moOu5/PbnOvTpVfNdqKjyd5n2P0=
12,13,7JMfd5iATf887erjCYA+WjzmLEE=,moOu5/PbnOvTpVfNdqKjyd5n2P0=
11,13,7JMfd5iATf887erjCYA+WjzmLEE=,moOu5/PbnOvTpVfNdqKjyd5n2P0=
10,13,7JMfd5iATf887erjCYA+WjzmLEE=,moOu5/PbnOvTpVfNdqKjyd5n2P0=
9,13,7JMfd5iATf887erjCYA+WjzmLEE=,moOu5/PbnOvTpVfNdqKjyd5n2P0=
14,12,7JMfd5iATf887erjCYA+WjzmLEE=,moOu5/PbnOvTpVfNdqKjyd5n2P0=
13,12,7JMfd5iATf887erjCYA+WjzmLEE=,moOu5/PbnOvTpVfNdqKjyd5n2P0=
10,9,zsUpaYwJFjNCjfTWfHsEqF29lXU=,moOu5/PbnOvTpVfNdqKjyd5n2P0=
12,12,7JMfd5iATf887erjCYA+WjzmLEE=,moOu5/PbnOvTpVfNdqKjyd5n2P0=
11,12,7JMfd5iATf887erjCYA+WjzmLEE=,moOu5/PbnOvTpVfNdqKjyd5n2P0=
10,12,7JMfd5iATf887erjCYA+WjzmLEE=,moOu5/PbnOvTpVfNdqKjyd5n2P0=
9,12,7JMfd5iATf887erjCYA+WjzmLEE=,moOu5/PbnOvTpVfNdqKjyd5n2P0=
14,11,7JMfd5iATf887erjCYA+WjzmLEE=,moOu5/PbnOvTpVfNdqKjyd5n2P0=
13,11,7JMfd5iATf887erjCYA+WjzmLEE=,moOu5/PbnOvTpVfNdqKjyd5n2P0=
8,12,7JMfd5iATf887erjCYA+WjzmLEE=,moOu5/PbnOvTpVfNdqKjyd5n2P0=
4,13,7JMfd5iATf887erjCYA+WjzmLEE=,8jthfiaN0u4YwIqvyO6b2oRev08=
5,13,7JMfd5iATf887erjCYA+WjzmLEE=,8jthfiaN0u4YwIqvyO6b2oRev08=
6,13,7JMfd5iATf887erjCYA+WjzmLEE=,8jthfiaN0u4YwIqvyO6b2oRev08=
7,13,7JMfd5iATf887erjCYA+WjzmLEE=,8jthfiaN0u4YwIqvyO6b2oRev08=
1,14,7JMfd5iATf887erjCYA+WjzmLEE=,8jthfiaN0u4YwIqvyO6b2oRev08=
2,14,7JMfd5iATf887erjCYA+WjzmLEE=,8jthfiaN0u4YwIqvyO6b2oRev08=
3,14,7JMfd5iATf887erjCYA+WjzmLEE=,8jthfiaN0u4YwIqvyO6b2oRev08=
4,14,7JMfd5iATf887erjCYA+WjzmLEE=,8jthfiaN0u4YwIqvyO6b2oRev08=
5,14,7JMfd5iATf887erjCYA+WjzmLEE=,8jthfiaN0u4YwIqvyO6b2oRev08=
6,14,7JMfd5iATf887erjCYA+WjzmLEE=,8jthfiaN0u4YwIqvyO6b2oRev08=
7,14,7JMfd5iATf887erjCYA+WjzmLEE=,8jthfiaN0u4YwIqvyO6b2oRev08=
8,13,7JMfd5iATf887erjCYA+WjzmLEE=,moOu5/PbnOvTpVfNdqKjyd5n2P0=
1,9,7JMfd5iATf887erjCYA+WjzmLEE=,8jthfiaN0u4YwIqvyO6b2oRev08=
2,9,7JMfd5iATf887erjCYA+WjzmLEE=,8jthfiaN0u4YwIqvyO6b2oRev08=
3,9,7JMfd5iATf887erjCYA+WjzmLEE=,8jthfiaN0u4YwIqvyO6b2oRev08=
4,9,7JMfd5iATf887erjCYA+WjzmLEE=,8jthfiaN0u4YwIqvyO6b2oRev08=
3,13,7JMfd5iATf887erjCYA+WjzmLEE=,8jthfiaN0u4YwIqvyO6b2oRev08=
2,13,7JMfd5iATf887erjCYA+WjzmLEE=,8jthfiaN0u4YwIqvyO6b2oRev08=
1,13,7JMfd5iATf887erjCYA+WjzmLEE=,8jthfiaN0u4YwIqvyO6b2oRev08=
5,9,7JMfd5iATf887erjCYA+WjzmLEE=,8jthfiaN0u4YwIqvyO6b2oRev08=
7,12,7JMfd5iATf887erjCYA+WjzmLEE=,8jthfiaN0u4YwIqvyO6b2oRev08=
6,9,7JMfd5iATf887erjCYA+WjzmLEE=,8jthfiaN0u4YwIqvyO6b2oRev08=
6,12,7JMfd5iATf887erjCYA+WjzmLEE=,8jthfiaN0u4YwIqvyO6b2oRev08=
5,12,7JMfd5iATf887erjCYA+WjzmLEE=,8jthfiaN0u4YwIqvyO6b2oRev08=
7,9,7JMfd5iATf887erjCYA+WjzmLEE=,8jthfiaN0u4YwIqvyO6b2oRev08=
8,9,7JMfd5iATf887erjCYA+WjzmLEE=,moOu5/PbnOvTpVfNdqKjyd5n2P0=
8,14,7JMfd5iATf887erjCYA+WjzmLEE=,moOu5/PbnOvTpVfNdqKjyd5n2P0=
1,10,7JMfd5iATf887erjCYA+WjzmLEE=,8jthfiaN0u4YwIqvyO6b2oRev08=
2,10,7JMfd5iATf887erjCYA+WjzmLEE=,8jthfiaN0u4YwIqvyO6b2oRev08=
3,10,7JMfd5iATf887erjCYA+WjzmLEE=,8jthfiaN0u4YwIqvyO6b2oRev08=
4,12,7JMfd5iATf887erjCYA+WjzmLEE=,8jthfiaN0u4YwIqvyO6b2oRev08=
4,10,7JMfd5iATf887erjCYA+WjzmLEE=,8jthfiaN0u4YwIqvyO6b2oRev08=
5,10,7JMfd5iATf887erjCYA+WjzmLEE=,8jthfiaN0u4YwIqvyO6b2oRev08=
3,12,7JMfd5iATf887erjCYA+WjzmLEE=,8jthfiaN0u4YwIqvyO6b2oRev08=
6,10,7JMfd5iATf887erjCYA+WjzmLEE=,8jthfiaN0u4YwIqvyO6b2oRev08=
7,10,7JMfd5iATf887erjCYA+WjzmLEE=,8jthfiaN0u4YwIqvyO6b2oRev08=
8,11,7JMfd5iATf887erjCYA+WjzmLEE=,moOu5/PbnOvTpVfNdqKjyd5n2P0=
1,11,7JMfd5iATf887erjCYA+WjzmLEE=,8jthfiaN0u4YwIqvyO6b2oRev08=
2,11,7JMfd5iATf887erjCYA+WjzmLEE=,8jthfiaN0u4YwIqvyO6b2oRev08=
8,10,7JMfd5iATf887erjCYA+WjzmLEE=,moOu5/PbnOvTpVfNdqKjyd5n2P0=
3,11,7JMfd5iATf887erjCYA+WjzmLEE=,8jthfiaN0u4YwIqvyO6b2oRev08=
4,11,7JMfd5iATf887erjCYA+WjzmLEE=,8jthfiaN0u4YwIqvyO6b2oRev08=
5,11,7JMfd5iATf887erjCYA+WjzmLEE=,8jthfiaN0u4YwIqvyO6b2oRev08=
7,11,7JMfd5iATf887erjCYA+WjzmLEE=,8jthfiaN0u4YwIqvyO6b2oRev08=
6,11,7JMfd5iATf887erjCYA+WjzmLEE=,8jthfiaN0u4YwIqvyO6b2oRev08=
1,12,7JMfd5iATf887erjCYA+WjzmLEE=,8jthfiaN0u4YwIqvyO6b2oRev08=
2,12,7JMfd5iATf887erjCYA+WjzmLEE=,8jthfiaN0u4YwIqvyO6b2oRev08=
5,5,zsUpaYwJFjNCjfTWfHsEqF29lXU=,rc9bygEmsUhzOSC1+l9MWwYShaY=
6,5,zsUpaYwJFjNCjfTWfHsEqF29lXU=,rc9bygEmsUhzOSC1+l9MWwYShaY=
3,1,zsUpaYwJFjNCjfTWfHsEqF29lXU=,rc9bygEmsUhzOSC1+l9MWwYShaY=
4,1,zsUpaYwJFjNCjfTWfHsEqF29lXU=,rc9bygEmsUhzOSC1+l9MWwYShaY=
5,1,zsUpaYwJFjNCjfTWfHsEqF29lXU=,rc9bygEmsUhzOSC1+l9MWwYShaY=
1,2,zsUpaYwJFjNCjfTWfHsEqF29lXU=,rc9bygEmsUhzOSC1+l9MWwYShaY=
2,2,zsUpaYwJFjNCjfTWfHsEqF29lXU=,rc9bygEmsUhzOSC1+l9MWwYShaY=
3,2,zsUpaYwJFjNCjfTWfHsEqF29lXU=,rc9bygEmsUhzOSC1+l9MWwYShaY=
6,1,zsUpaYwJFjNCjfTWfHsEqF29lXU=,rc9bygEmsUhzOSC1+l9MWwYShaY=
4,2,zsUpaYwJFjNCjfTWfHsEqF29lXU=,rc9bygEmsUhzOSC1+l9MWwYShaY=
3,7,zsUpaYwJFjNCjfTWfHsEqF29lXU=,rc9bygEmsUhzOSC1+l9MWwYShaY=
2,1,zsUpaYwJFjNCjfTWfHsEqF29lXU=,rc9bygEmsUhzOSC1+l9MWwYShaY=
5,2,zsUpaYwJFjNCjfTWfHsEqF29lXU=,rc9bygEmsUhzOSC1+l9MWwYShaY=
6,2,zsUpaYwJFjNCjfTWfHsEqF29lXU=,rc9bygEmsUhzOSC1+l9MWwYShaY=
4,7,zsUpaYwJFjNCjfTWfHsEqF29lXU=,rc9bygEmsUhzOSC1+l9MWwYShaY=
5,7,zsUpaYwJFjNCjfTWfHsEqF29lXU=,rc9bygEmsUhzOSC1+l9MWwYShaY=
6,7,zsUpaYwJFjNCjfTWfHsEqF29lXU=,rc9bygEmsUhzOSC1+l9MWwYShaY=
1,8,zsUpaYwJFjNCjfTWfHsEqF29lXU=,8jthfiaN0u4YwIqvyO6b2oRev08=
2,8,zsUpaYwJFjNCjfTWfHsEqF29lXU=,8jthfiaN0u4YwIqvyO6b2oRev08=
1,3,zsUpaYwJFjNCjfTWfHsEqF29lXU=,rc9bygEmsUhzOSC1+l9MWwYShaY=
3,8,zsUpaYwJFjNCjfTWfHsEqF29lXU=,8jthfiaN0u4YwIqvyO6b2oRev08=
4,8,zsUpaYwJFjNCjfTWfHsEqF29lXU=,8jthfiaN0u4YwIqvyO6b2oRev08=
5,8,zsUpaYwJFjNCjfTWfHsEqF29lXU=,8jthfiaN0u4YwIqvyO6b2oRev08=
6,8,zsUpaYwJFjNCjfTWfHsEqF29lXU=,8jthfiaN0u4YwIqvyO6b2oRev08=
2,3,zsUpaYwJFjNCjfTWfHsEqF29lXU=,rc9bygEmsUhzOSC1+l9MWwYShaY=
3,3,zsUpaYwJFjNCjfTWfHsEqF29lXU=,rc9bygEmsUhzOSC1+l9MWwYShaY=
4,3,zsUpaYwJFjNCjfTWfHsEqF29lXU=,rc9bygEmsUhzOSC1+l9MWwYShaY=
5,3,zsUpaYwJFjNCjfTWfHsEqF29lXU=,rc9bygEmsUhzOSC1+l9MWwYShaY=
6,3,zsUpaYwJFjNCjfTWfHsEqF29lXU=,rc9bygEmsUhzOSC1+l9MWwYShaY=
1,6,zsUpaYwJFjNCjfTWfHsEqF29lXU=,rc9bygEmsUhzOSC1+l9MWwYShaY=
2,6,zsUpaYwJFjNCjfTWfHsEqF29lXU=,rc9bygEmsUhzOSC1+l9MWwYShaY=
3,6,zsUpaYwJFjNCjfTWfHsEqF29lXU=,rc9bygEmsUhzOSC1+l9MWwYShaY=
4,6,zsUpaYwJFjNCjfTWfHsEqF29lXU=,rc9bygEmsUhzOSC1+l9MWwYShaY=
5,6,zsUpaYwJFjNCjfTWfHsEqF29lXU=,rc9bygEmsUhzOSC1+l9MWwYShaY=
6,6,zsUpaYwJFjNCjfTWfHsEqF29lXU=,rc9bygEmsUhzOSC1+l9MWwYShaY=
1,4,zsUpaYwJFjNCjfTWfHsEqF29lXU=,rc9bygEmsUhzOSC1+l9MWwYShaY=
2,4,zsUpaYwJFjNCjfTWfHsEqF29lXU=,rc9bygEmsUhzOSC1+l9MWwYShaY=
1,5,zsUpaYwJFjNCjfTWfHsEqF29lXU=,rc9bygEmsUhzOSC1+l9MWwYShaY=
2,5,zsUpaYwJFjNCjfTWfHsEqF29lXU=,rc9bygEmsUhzOSC1+l9MWwYShaY=
3,4,zsUpaYwJFjNCjfTWfHsEqF29lXU=,rc9bygEmsUhzOSC1+l9MWwYShaY=
4,4,zsUpaYwJFjNCjfTWfHsEqF29lXU=,rc9bygEmsUhzOSC1+l9MWwYShaY=
5,4,zsUpaYwJFjNCjfTWfHsEqF29lXU=,rc9bygEmsUhzOSC1+l9MWwYShaY=
3,5,zsUpaYwJFjNCjfTWfHsEqF29lXU=,rc9bygEmsUhzOSC1+l9MWwYShaY=
6,4,zsUpaYwJFjNCjfTWfHsEqF29lXU=,rc9bygEmsUhzOSC1+l9MWwYShaY=
1,7,zsUpaYwJFjNCjfTWfHsEqF29lXU=,rc9bygEmsUhzOSC1+l9MWwYShaY=
2,7,zsUpaYwJFjNCjfTWfHsEqF29lXU=,rc9bygEmsUhzOSC1+l9MWwYShaY=
1,1,zsUpaYwJFjNCjfTWfHsEqF29lXU=,rc9bygEmsUhzOSC1+l9MWwYShaY=
4,5,zsUpaYwJFjNCjfTWfHsEqF29lXU=,rc9bygEmsUhzOSC1+l9MWwYShaY=
7,3,zsUpaYwJFjNCjfTWfHsEqF29lXU=,rc9bygEmsUhzOSC1+l9MWwYShaY=
14,7,zsUpaYwJFjNCjfTWfHsEqF29lXU=,3Se2xZN7jEOfArNpkeLguFyuVq4=
12,3,zsUpaYwJFjNCjfTWfHsEqF29lXU=,3Se2xZN7jEOfArNpkeLguFyuVq4=
13,7,zsUpaYwJFjNCjfTWfHsEqF29lXU=,3Se2xZN7jEOfArNpkeLguFyuVq4=
13,3,zsUpaYwJFjNCjfTWfHsEqF29lXU=,3Se2xZN7jEOfArNpkeLguFyuVq4=
12,7,zsUpaYwJFjNCjfTWfHsEqF29lXU=,3Se2xZN7jEOfArNpkeLguFyuVq4=
14,3,zsUpaYwJFjNCjfTWfHsEqF29lXU=,3Se2xZN7jEOfArNpkeLguFyuVq4=
8,4,zsUpaYwJFjNCjfTWfHsEqF29lXU=,3Se2xZN7jEOfArNpkeLguFyuVq4=
9,4,zsUpaYwJFjNCjfTWfHsEqF29lXU=,3Se2xZN7jEOfArNpkeLguFyuVq4=
11,7,zsUpaYwJFjNCjfTWfHsEqF29lXU=,3Se2xZN7jEOfArNpkeLguFyuVq4=
11,3,zsUpaYwJFjNCjfTWfHsEqF29lXU=,3Se2xZN7jEOfArNpkeLguFyuVq4=
10,7,zsUpaYwJFjNCjfTWfHsEqF29lXU=,3Se2xZN7jEOfArNpkeLguFyuVq4=
9,7,zsUpaYwJFjNCjfTWfHsEqF29lXU=,3Se2xZN7jEOfArNpkeLguFyuVq4=
10,3,zsUpaYwJFjNCjfTWfHsEqF29lXU=,3Se2xZN7jEOfArNpkeLguFyuVq4=
9,3,zsUpaYwJFjNCjfTWfHsEqF29lXU=,3Se2xZN7jEOfArNpkeLguFyuVq4=
7,2,zsUpaYwJFjNCjfTWfHsEqF29lXU=,rc9bygEmsUhzOSC1+l9MWwYShaY=
8,3,zsUpaYwJFjNCjfTWfHsEqF29lXU=,3Se2xZN7jEOfArNpkeLguFyuVq4=
14,2,zsUpaYwJFjNCjfTWfHsEqF29lXU=,3Se2xZN7jEOfArNpkeLguFyuVq4=
7,7,zsUpaYwJFjNCjfTWfHsEqF29lXU=,rc9bygEmsUhzOSC1+l9MWwYShaY=
8,7,zsUpaYwJFjNCjfTWfHsEqF29lXU=,3Se2xZN7jEOfArNpkeLguFyuVq4=
7,8,zsUpaYwJFjNCjfTWfHsEqF29lXU=,8jthfiaN0u4YwIqvyO6b2oRev08=
13,2,zsUpaYwJFjNCjfTWfHsEqF29lXU=,3Se2xZN7jEOfArNpkeLguFyuVq4=
7,4,zsUpaYwJFjNCjfTWfHsEqF29lXU=,rc9bygEmsUhzOSC1+l9MWwYShaY=
13,6,zsUpaYwJFjNCjfTWfHsEqF29lXU=,3Se2xZN7jEOfArNpkeLguFyuVq4=
7,5,zsUpaYwJFjNCjfTWfHsEqF29lXU=,rc9bygEmsUhzOSC1+l9MWwYShaY=
8,8,zsUpaYwJFjNCjfTWfHsEqF29lXU=,moOu5/PbnOvTpVfNdqKjyd5n2P0=
7,1,zsUpaYwJFjNCjfTWfHsEqF29lXU=,rc9bygEmsUhzOSC1+l9MWwYShaY=
10,4,zsUpaYwJFjNCjfTWfHsEqF29lXU=,3Se2xZN7jEOfArNpkeLguFyuVq4=
9,8,zsUpaYwJFjNCjfTWfHsEqF29lXU=,moOu5/PbnOvTpVfNdqKjyd5n2P0=
12,6,zsUpaYwJFjNCjfTWfHsEqF29lXU=,3Se2xZN7jEOfArNpkeLguFyuVq4=
14,6,zsUpaYwJFjNCjfTWfHsEqF29lXU=,3Se2xZN7jEOfArNpkeLguFyuVq4=
8,1,zsUpaYwJFjNCjfTWfHsEqF29lXU=,3Se2xZN7jEOfArNpkeLguFyuVq4=
10,8,zsUpaYwJFjNCjfTWfHsEqF29lXU=,moOu5/PbnOvTpVfNdqKjyd5n2P0=
10,6,zsUpaYwJFjNCjfTWfHsEqF29lXU=,3Se2xZN7jEOfArNpkeLguFyuVq4=
9,6,zsUpaYwJFjNCjfTWfHsEqF29lXU=,3Se2xZN7jEOfArNpkeLguFyuVq4=
11,6,zsUpaYwJFjNCjfTWfHsEqF29lXU=,3Se2xZN7jEOfArNpkeLguFyuVq4=
11,8,zsUpaYwJFjNCjfTWfHsEqF29lXU=,moOu5/PbnOvTpVfNdqKjyd5n2P0=
11,2,zsUpaYwJFjNCjfTWfHsEqF29lXU=,3Se2xZN7jEOfArNpkeLguFyuVq4=
12,2,zsUpaYwJFjNCjfTWfHsEqF29lXU=,3Se2xZN7jEOfArNpkeLguFyuVq4=
12,8,zsUpaYwJFjNCjfTWfHsEqF29lXU=,moOu5/PbnOvTpVfNdqKjyd5n2P0=
9,2,zsUpaYwJFjNCjfTWfHsEqF29lXU=,3Se2xZN7jEOfArNpkeLguFyuVq4=
13,8,zsUpaYwJFjNCjfTWfHsEqF29lXU=,moOu5/PbnOvTpVfNdqKjyd5n2P0=
14,8,zsUpaYwJFjNCjfTWfHsEqF29lXU=,moOu5/PbnOvTpVfNdqKjyd5n2P0=
8,2,zsUpaYwJFjNCjfTWfHsEqF29lXU=,3Se2xZN7jEOfArNpkeLguFyuVq4=
9,1,zsUpaYwJFjNCjfTWfHsEqF29lXU=,3Se2xZN7jEOfArNpkeLguFyuVq4=
10,2,zsUpaYwJFjNCjfTWfHsEqF29lXU=,3Se2xZN7jEOfArNpkeLguFyuVq4=
10,1,zsUpaYwJFjNCjfTWfHsEqF29lXU=,3Se2xZN7jEOfArNpkeLguFyuVq4=
11,1,zsUpaYwJFjNCjfTWfHsEqF29lXU=,3Se2xZN7jEOfArNpkeLguFyuVq4=
14,1,zsUpaYwJFjNCjfTWfHsEqF29lXU=,3Se2xZN7jEOfArNpkeLguFyuVq4=
8,6,zsUpaYwJFjNCjfTWfHsEqF29lXU=,3Se2xZN7jEOfArNpkeLguFyuVq4=
13,1,zsUpaYwJFjNCjfTWfHsEqF29lXU=,3Se2xZN7jEOfArNpkeLguFyuVq4=
7,6,zsUpaYwJFjNCjfTWfHsEqF29lXU=,rc9bygEmsUhzOSC1+l9MWwYShaY=
14,5,zsUpaYwJFjNCjfTWfHsEqF29lXU=,3Se2xZN7jEOfArNpkeLguFyuVq4=
11,4,zsUpaYwJFjNCjfTWfHsEqF29lXU=,3Se2xZN7jEOfArNpkeLguFyuVq4=
12,1,zsUpaYwJFjNCjfTWfHsEqF29lXU=,3Se2xZN7jEOfArNpkeLguFyuVq4=
12,5,zsUpaYwJFjNCjfTWfHsEqF29lXU=,3Se2xZN7jEOfArNpkeLguFyuVq4=
13,5,zsUpaYwJFjNCjfTWfHsEqF29lXU=,3Se2xZN7jEOfArNpkeLguFyuVq4=
10,5,zsUpaYwJFjNCjfTWfHsEqF29lXU=,3Se2xZN7jEOfArNpkeLguFyuVq4=
9,5,zsUpaYwJFjNCjfTWfHsEqF29lXU=,3Se2xZN7jEOfArNpkeLguFyuVq4=
8,5,zsUpaYwJFjNCjfTWfHsEqF29lXU=,3Se2xZN7jEOfArNpkeLguFyuVq4=
11,5,zsUpaYwJFjNCjfTWfHsEqF29lXU=,3Se2xZN7jEOfArNpkeLguFyuVq4=
12,4,zsUpaYwJFjNCjfTWfHsEqF29lXU=,3Se2xZN7jEOfArNpkeLguFyuVq4=
14,4,zsUpaYwJFjNCjfTWfHsEqF29lXU=,3Se2xZN7jEOfArNpkeLguFyuVq4=
13,4,zsUpaYwJFjNCjfTWfHsEqF29lXU=,3Se2xZN7jEOfArNpkeLguFyuVq4=
15,3,zsUpaYwJFjNCjfTWfHsEqF29lXU=,3Se2xZN7jEOfArNpkeLguFyuVq4=
15,4,zsUpaYwJFjNCjfTWfHsEqF29lXU=,3Se2xZN7jEOfArNpkeLguFyuVq4=
15,2,zsUpaYwJFjNCjfTWfHsEqF29lXU=,3Se2xZN7jEOfArNpkeLguFyuVq4=
15,5,zsUpaYwJFjNCjfTWfHsEqF29lXU=,3Se2xZN7jEOfArNpkeLguFyuVq4=
15,6,zsUpaYwJFjNCjfTWfHsEqF29lXU=,3Se2xZN7jEOfArNpkeLguFyuVq4=
15,1,zsUpaYwJFjNCjfTWfHsEqF29lXU=,3Se2xZN7jEOfArNpkeLguFyuVq4=
15,12,zsUpaYwJFjNCjfTWfHsEqF29lXU=,moOu5/PbnOvTpVfNdqKjyd5n2P0=
15,11,zsUpaYwJFjNCjfTWfHsEqF29lXU=,moOu5/PbnOvTpVfNdqKjyd5n2P0=
15,13,zsUpaYwJFjNCjfTWfHsEqF29lXU=,moOu5/PbnOvTpVfNdqKjyd5n2P0=
15,10,zsUpaYwJFjNCjfTWfHsEqF29lXU=,moOu5/PbnOvTpVfNdqKjyd5n2P0=
15,9,zsUpaYwJFjNCjfTWfHsEqF29lXU=,moOu5/PbnOvTpVfNdqKjyd5n2P0=
15,14,zsUpaYwJFjNCjfTWfHsEqF29lXU=,moOu5/PbnOvTpVfNdqKjyd5n2P0=
15,8,zsUpaYwJFjNCjfTWfHsEqF29lXU=,moOu5/PbnOvTpVfNdqKjyd5n2P0=
15,7,zsUpaYwJFjNCjfTWfHsEqF29lXU=,3Se2xZN7jEOfArNpkeLguFyuVq4=
9,15,zsUpaYwJFjNCjfTWfHsEqF29lXU=,moOu5/PbnOvTpVfNdqKjyd5n2P0=
10,15,zsUpaYwJFjNCjfTWfHsEqF29lXU=,moOu5/PbnOvTpVfNdqKjyd5n2P0=
12,15,zsUpaYwJFjNCjfTWfHsEqF29lXU=,moOu5/PbnOvTpVfNdqKjyd5n2P0=
13,15,zsUpaYwJFjNCjfTWfHsEqF29lXU=,moOu5/PbnOvTpVfNdqKjyd5n2P0=
14,15,zsUpaYwJFjNCjfTWfHsEqF29lXU=,moOu5/PbnOvTpVfNdqKjyd5n2P0=
11,15,zsUpaYwJFjNCjfTWfHsEqF29lXU=,moOu5/PbnOvTpVfNdqKjyd5n2P0=
0,2,zsUpaYwJFjNCjfTWfHsEqF29lXU=,rc9bygEmsUhzOSC1+l9MWwYShaY=
0,1,zsUpaYwJFjNCjfTWfHsEqF29lXU=,rc9bygEmsUhzOSC1+l9MWwYShaY=
0,4,zsUpaYwJFjNCjfTWfHsEqF29lXU=,rc9bygEmsUhzOSC1+l9MWwYShaY=
0,3,zsUpaYwJFjNCjfTWfHsEqF29lXU=,rc9bygEmsUhzOSC1+l9MWwYShaY=
0,5,zsUpaYwJFjNCjfTWfHsEqF29lXU=,rc9bygEmsUhzOSC1+l9MWwYShaY=
0,6,zsUpaYwJFjNCjfTWfHsEqF29lXU=,rc9bygEmsUhzOSC1+l9MWwYShaY=
0,13,zsUpaYwJFjNCjfTWfHsEqF29lXU=,8jthfiaN0u4YwIqvyO6b2oRev08=
0,12,zsUpaYwJFjNCjfTWfHsEqF29lXU=,8jthfiaN0u4YwIqvyO6b2oRev08=
0,7,zsUpaYwJFjNCjfTWfHsEqF29lXU=,rc9bygEmsUhzOSC1+l9MWwYShaY=
0,11,zsUpaYwJFjNCjfTWfHsEqF29lXU=,8jthfiaN0u4YwIqvyO6b2oRev08=
0,8,zsUpaYwJFjNCjfTWfHsEqF29lXU=,8jthfiaN0u4YwIqvyO6b2oRev08=
0,10,zsUpaYwJFjNCjfTWfHsEqF29lXU=,8jthfiaN0u4YwIqvyO6b2oRev08=
0,14,zsUpaYwJFjNCjfTWfHsEqF29lXU=,8jthfiaN0u4YwIqvyO6b2oRev08=
0,9,zsUpaYwJFjNCjfTWfHsEqF29lXU=,8jthfiaN0u4YwIqvyO6b2oRev08=
1,15,zsUpaYwJFjNCjfTWfHsEqF29lXU=,8jthfiaN0u4YwIqvyO6b2oRev08=
4,15,zsUpaYwJFjNCjfTWfHsEqF29lXU=,8jthfiaN0u4YwIqvyO6b2oRev08=
3,15,zsUpaYwJFjNCjfTWfHsEqF29lXU=,8jthfiaN0u4YwIqvyO6b2oRev08=
2,15,zsUpaYwJFjNCjfTWfHsEqF29lXU=,8jthfiaN0u4YwIqvyO6b2oRev08=
5,15,zsUpaYwJFjNCjfTWfHsEqF29lXU=,8jthfiaN0u4YwIqvyO6b2oRev08=
7,15,zsUpaYwJFjNCjfTWfHsEqF29lXU=,8jthfiaN0u4YwIqvyO6b2oRev08=
6,15,zsUpaYwJFjNCjfTWfHsEqF29lXU=,8jthfiaN0u4YwIqvyO6b2oRev08=
8,15,zsUpaYwJFjNCjfTWfHsEqF29lXU=,moOu5/PbnOvTpVfNdqKjyd5n2P0=
15,15,zsUpaYwJFjNCjfTWfHsEqF29lXU=,moOu5/PbnOvTpVfNdqKjyd5n2P0=
3,0,zsUpaYwJFjNCjfTWfHsEqF29lXU=,rc9bygEmsUhzOSC1+l9MWwYShaY=
2,0,zsUpaYwJFjNCjfTWfHsEqF29lXU=,rc9bygEmsUhzOSC1+l9MWwYShaY=
4,0,zsUpaYwJFjNCjfTWfHsEqF29lXU=,rc9bygEmsUhzOSC1+l9MWwYShaY=
5,0,zsUpaYwJFjNCjfTWfHsEqF29lXU=,rc9bygEmsUhzOSC1+l9MWwYShaY=
1,0,zsUpaYwJFjNCjfTWfHsEqF29lXU=,rc9bygEmsUhzOSC1+l9MWwYShaY=
6,0,zsUpaYwJFjNCjfTWfHsEqF29lXU=,rc9bygEmsUhzOSC1+l9MWwYShaY=
7,0,zsUpaYwJFjNCjfTWfHsEqF29lXU=,rc9bygEmsUhzOSC1+l9MWwYShaY=
14,0,zsUpaYwJFjNCjfTWfHsEqF29lXU=,3Se2xZN7jEOfArNpkeLguFyuVq4=
8,0,zsUpaYwJFjNCjfTWfHsEqF29lXU=,3Se2xZN7jEOfArNpkeLguFyuVq4=
13,0,zsUpaYwJFjNCjfTWfHsEqF29lXU=,3Se2xZN7jEOfArNpkeLguFyuVq4=
11,0,zsUpaYwJFjNCjfTWfHsEqF29lXU=,3Se2xZN7jEOfArNpkeLguFyuVq4=
12,0,zsUpaYwJFjNCjfTWfHsEqF29lXU=,3Se2xZN7jEOfArNpkeLguFyuVq4=
9,0,zsUpaYwJFjNCjfTWfHsEqF29lXU=,3Se2xZN7jEOfArNpkeLguFyuVq4=
10,0,zsUpaYwJFjNCjfTWfHsEqF29lXU=,3Se2xZN7jEOfArNpkeLguFyuVq4=
0,15,zsUpaYwJFjNCjfTWfHsEqF29lXU=,8jthfiaN0u4YwIqvyO6b2oRev08=
0,0,zsUpaYwJFjNCjfTWfHsEqF29lXU=,rc9bygEmsUhzOSC1+l9MWwYShaY=
15,0,zsUpaYwJFjNCjfTWfHsEqF29lXU=,3Se2xZN7jEOfArNpkeLguFyuVq4=
15,29,KZLA1d0vrJthw4t8I/uFCQ6b7Mc=,BDj0iN1LrCpXKXiuzq5Bt0qJWgw=
14,29,KZLA1d0vrJthw4t8I/uFCQ6b7Mc=,BDj0iN1LrCpXKXiuzq5Bt0qJWgw=
11,31,KZLA1d0vrJthw4t8I/uFCQ6b7Mc=,BDj0iN1LrCpXKXiuzq5Bt0qJWgw=
11,25,KZLA1d0vrJthw4t8I/uFCQ6b7Mc=,BDj0iN1LrCpXKXiuzq5Bt0qJWgw=
15,28,KZLA1d0vrJthw4t8I/uFCQ6b7Mc=,BDj0iN1LrCpXKXiuzq5Bt0qJWgw=
8,29,KZLA1d0vrJthw4t8I/uFCQ6b7Mc=,BDj0iN1LrCpXKXiuzq5Bt0qJWgw=
13,29,KZLA1d0vrJthw4t8I/uFCQ6b7Mc=,BDj0iN1LrCpXKXiuzq5Bt0qJWgw=
13,30,KZLA1d0vrJthw4t8I/uFCQ6b7Mc=,BDj0iN1LrCpXKXiuzq5Bt0qJWgw=
12,31,KZLA1d0vrJthw4t8I/uFCQ6b7Mc=,BDj0iN1LrCpXKXiuzq5Bt0qJWgw=
14,28,KZLA1d0vrJthw4t8I/uFCQ6b7Mc=,BDj0iN1LrCpXKXiuzq5Bt0qJWgw=
13,31,KZLA1d0vrJthw4t8I/uFCQ6b7Mc=,BDj0iN1LrCpXKXiuzq5Bt0qJWgw=
12,30,KZLA1d0vrJthw4t8I/uFCQ6b7Mc=,BDj0iN1LrCpXKXiuzq5Bt0qJWgw=
11,30,KZLA1d0vrJthw4t8I/uFCQ6b7Mc=,BDj0iN1LrCpXKXiuzq5Bt0qJWgw=
14,31,KZLA1d0vrJthw4t8I/uFCQ6b7Mc=,BDj0iN1LrCpXKXiuzq5Bt0qJWgw=
9,28,KZLA1d0vrJthw4t8I/uFCQ6b7Mc=,BDj0iN1LrCpXKXiuzq5Bt0qJWgw=
15,31,KZLA1d0vrJthw4t8I/uFCQ6b7Mc=,BDj0iN1LrCpXKXiuzq5Bt0qJWgw=
10,31,KZLA1d0vrJthw4t8I/uFCQ6b7Mc=,BDj0iN1LrCpXKXiuzq5Bt0qJWgw=
12,29,KZLA1d0vrJthw4t8I/uFCQ6b7Mc=,BDj0iN1LrCpXKXiuzq5Bt0qJWgw=
9,29,KZLA1d0vrJthw4t8I/uFCQ6b7Mc=,BDj0iN1LrCpXKXiuzq5Bt0qJWgw=
9,31,KZLA1d0vrJthw4t8I/uFCQ6b7Mc=,BDj0iN1LrCpXKXiuzq5Bt0qJWgw=
10,25,KZLA1d0vrJthw4t8I/uFCQ6b7Mc=,BDj0iN1LrCpXKXiuzq5Bt0qJWgw=
12,24,KZLA1d0vrJthw4t8I/uFCQ6b7Mc=,BDj0iN1LrCpXKXiuzq5Bt0qJWgw=
11,29,KZLA1d0vrJthw4t8I/uFCQ6b7Mc=,BDj0iN1LrCpXKXiuzq5Bt0qJWgw=
13,28,KZLA1d0vrJthw4t8I/uFCQ6b7Mc=,BDj0iN1LrCpXKXiuzq5Bt0qJWgw=
14,30,KZLA1d0vrJthw4t8I/uFCQ6b7Mc=,BDj0iN1LrCpXKXiuzq5Bt0qJWgw=
8,28,KZLA1d0vrJthw4t8I/uFCQ6b7Mc=,BDj0iN1LrCpXKXiuzq5Bt0qJWgw=
10,29,KZLA1d0vrJthw4t8I/uFCQ6b7Mc=,BDj0iN1LrCpXKXiuzq5Bt0qJWgw=
9,25,KZLA1d0vrJthw4t8I/uFCQ6b7Mc=,BDj0iN1LrCpXKXiuzq5Bt0qJWgw=
10,30,KZLA1d0vrJthw4t8I/uFCQ6b7Mc=,BDj0iN1LrCpXKXiuzq5Bt0qJWgw=
10,27,KZLA1d0vrJthw4t8I/uFCQ6b7Mc=,BDj0iN1LrCpXKXiuzq5Bt0qJWgw=
12,28,KZLA1d0vrJthw4t8I/uFCQ6b7Mc=,BDj0iN1LrCpXKXiuzq5Bt0qJWgw=
9,30,KZLA1d0vrJthw4t8I/uFCQ6b7Mc=,BDj0iN1LrCpXKXiuzq5Bt0qJWgw=
11,24,KZLA1d0vrJthw4t8I/uFCQ6b7Mc=,BDj0iN1LrCpXKXiuzq5Bt0qJWgw=
8,30,KZLA1d0vrJthw4t8I/uFCQ6b7Mc=,BDj0iN1LrCpXKXiuzq5Bt0qJWgw=
8,25,KZLA1d0vrJthw4t8I/uFCQ6b7Mc=,BDj0iN1LrCpXKXiuzq5Bt0qJWgw=
8,24,KZLA1d0vrJthw4t8I/uFCQ6b7Mc=,BDj0iN1LrCpXKXiuzq5Bt0qJWgw=
15,27,KZLA1d0vrJthw4t8I/uFCQ6b7Mc=,BDj0iN1LrCpXKXiuzq5Bt0qJWgw=
11,28,KZLA1d0vrJthw4t8I/uFCQ6b7Mc=,BDj0iN1LrCpXKXiuzq5Bt0qJWgw=
10,24,KZLA1d0vrJthw4t8I/uFCQ6b7Mc=,BDj0iN1LrCpXKXiuzq5Bt0qJWgw=
12,25,KZLA1d0vrJthw4t8I/uFCQ6b7Mc=,BDj0iN1LrCpXKXiuzq5Bt0qJWgw=
15,24,KZLA1d0vrJthw4t8I/uFCQ6b7Mc=,BDj0iN1LrCpXKXiuzq5Bt0qJWgw=
14,27,KZLA1d0vrJthw4t8I/uFCQ6b7Mc=,BDj0iN1LrCpXKXiuzq5Bt0qJWgw=
8,31,KZLA1d0vrJthw4t8I/uFCQ6b7Mc=,BDj0iN1LrCpXKXiuzq5Bt0qJWgw=
10,28,KZLA1d0vrJthw4t8I/uFCQ6b7Mc=,BDj0iN1LrCpXKXiuzq5Bt0qJWgw=
13,27,KZLA1d0vrJthw4t8I/uFCQ6b7Mc=,BDj0iN1LrCpXKXiuzq5Bt0qJWgw=
12,27,KZLA1d0vrJthw4t8I/uFCQ6b7Mc=,BDj0iN1LrCpXKXiuzq5Bt0qJWgw=
9,24,KZLA1d0vrJthw4t8I/uFCQ6b7Mc=,BDj0iN1LrCpXKXiuzq5Bt0qJWgw=
11,27,KZLA1d0vrJthw4t8I/uFCQ6b7Mc=,BDj0iN1LrCpXKXiuzq5Bt0qJWgw=
9,27,KZLA1d0vrJthw4t8I/uFCQ6b7Mc=,BDj0iN1LrCpXKXiuzq5Bt0qJWgw=
8,27,KZLA1d0vrJthw4t8I/uFCQ6b7Mc=,BDj0iN1LrCpXKXiuzq5Bt0qJWgw=
15,26,KZLA1d0vrJthw4t8I/uFCQ6b7Mc=,BDj0iN1LrCpXKXiuzq5Bt0qJWgw=
15,30,KZLA1d0vrJthw4t8I/uFCQ6b7Mc=,BDj0iN1LrCpXKXiuzq5Bt0qJWgw=
14,24,KZLA1d0vrJthw4t8I/uFCQ6b7Mc=,BDj0iN1LrCpXKXiuzq5Bt0qJWgw=
14,26,KZLA1d0vrJthw4t8I/uFCQ6b7Mc=,BDj0iN1LrCpXKXiuzq5Bt0qJWgw=
13,24,KZLA1d0vrJthw4t8I/uFCQ6b7Mc=,BDj0iN1LrCpXKXiuzq5Bt0qJWgw=
11,26,KZLA1d0vrJthw4t8I/uFCQ6b7Mc=,BDj0iN1LrCpXKXiuzq5Bt0qJWgw=
12,26,KZLA1d0vrJthw4t8I/uFCQ6b7Mc=,BDj0iN1LrCpXKXiuzq5Bt0qJWgw=
10,26,KZLA1d0vrJthw4t8I/uFCQ6b7Mc=,BDj0iN1LrCpXKXiuzq5Bt0qJWgw=
9,26,KZLA1d0vrJthw4t8I/uFCQ6b7Mc=,BDj0iN1LrCpXKXiuzq5Bt0qJWgw=
8,26,KZLA1d0vrJthw4t8I/uFCQ6b7Mc=,BDj0iN1LrCpXKXiuzq5Bt0qJWgw=
15,25,KZLA1d0vrJthw4t8I/uFCQ6b7Mc=,BDj0iN1LrCpXKXiuzq5Bt0qJWgw=
13,26,KZLA1d0vrJthw4t8I/uFCQ6b7Mc=,BDj0iN1LrCpXKXiuzq5Bt0qJWgw=
13,25,KZLA1d0vrJthw4t8I/uFCQ6b7Mc=,BDj0iN1LrCpXKXiuzq5Bt0qJWgw=
14,25,KZLA1d0vrJthw4t8I/uFCQ6b7Mc=,BDj0iN1LrCpXKXiuzq5Bt0qJWgw=
17,9,KZLA1d0vrJthw4t8I/uFCQ6b7Mc=,aq/SizjGDzgpz91RTzVMWVSttm0=
22,14,KZLA1d0vrJthw4t8I/uFCQ6b7Mc=,aq/SizjGDzgpz91RTzVMWVSttm0=
21,14,KZLA1d0vrJthw4t8I/uFCQ6b7Mc=,aq/SizjGDzgpz91RTzVMWVSttm0=
20,14,KZLA1d0vrJthw4t8I/uFCQ6b7Mc=,aq/SizjGDzgpz91RTzVMWVSttm0=
19,14,KZLA1d0vrJthw4t8I/uFCQ6b7Mc=,aq/SizjGDzgpz91RTzVMWVSttm0=
17,14,KZLA1d0vrJthw4t8I/uFCQ6b7Mc=,aq/SizjGDzgpz91RTzVMWVSttm0=
18,14,KZLA1d0vrJthw4t8I/uFCQ6b7Mc=,aq/SizjGDzgpz91RTzVMWVSttm0=
22,13,KZLA1d0vrJthw4t8I/uFCQ6b7Mc=,aq/SizjGDzgpz91RTzVMWVSttm0=
21,13,KZLA1d0vrJthw4t8I/uFCQ6b7Mc=,aq/SizjGDzgpz91RTzVMWVSttm0=
20,13,KZLA1d0vrJthw4t8I/uFCQ6b7Mc=,aq/SizjGDzgpz91RTzVMWVSttm0=
19,13,mph/UBE7AKrvTbWgQCyNBGP7Yn0=,aq/SizjGDzgpz91RTzVMWVSttm0=
18,13,mph/UBE7AKrvTbWgQCyNBGP7Yn0=,aq/SizjGDzgpz91RTzVMWVSttm0=
17,13,mph/UBE7AKrvTbWgQCyNBGP7Yn0=,aq/SizjGDzgpz91RTzVMWVSttm0=
22,12,mph/UBE7AKrvTbWgQCyNBGP7Yn0=,aq/SizjGDzgpz91RTzVMWVSttm0=
21,12,mph/UBE7AKrvTbWgQCyNBGP7Yn0=,aq/SizjGDzgpz91RTzVMWVSttm0=
20,12,mph/UBE7AKrvTbWgQCyNBGP7Yn0=,aq/SizjGDzgpz91RTzVMWVSttm0=
19,12,mph/UBE7AKrvTbWgQCyNBGP7Yn0=,aq/SizjGDzgpz91RTzVMWVSttm0=
18,12,mph/UBE7AKrvTbWgQCyNBGP7Yn0=,aq/SizjGDzgpz91RTzVMWVSttm0=
17,12,mph/UBE7AKrvTbWgQCyNBGP7Yn0=,aq/SizjGDzgpz91RTzVMWVSttm0=
22,11,mph/UBE7AKrvTbWgQCyNBGP7Yn0=,aq/SizjGDzgpz91RTzVMWVSttm0=
21,11,mph/UBE7AKrvTbWgQCyNBGP7Yn0=,aq/SizjGDzgpz91RTzVMWVSttm0=
20,11,mph/UBE7AKrvTbWgQCyNBGP7Yn0=,aq/SizjGDzgpz91RTzVMWVSttm0=
19,11,mph/UBE7AKrvTbWgQCyNBGP7Yn0=,aq/SizjGDzgpz91RTzVMWVSttm0=
18,11,mph/UBE7AKrvTbWgQCyNBGP7Yn0=,aq/SizjGDzgpz91RTzVMWVSttm0=
17,11,mph/UBE7AKrvTbWgQCyNBGP7Yn0=,aq/SizjGDzgpz91RTzVMWVSttm0=
22,10,mph/UBE7AKrvTbWgQCyNBGP7Yn0=,aq/SizjGDzgpz91RTzVMWVSttm0=
21,10,mph/UBE7AKrvTbWgQCyNBGP7Yn0=,aq/SizjGDzgpz91RTzVMWVSttm0=
20,10,mph/UBE7AKrvTbWgQCyNBGP7Yn0=,aq/SizjGDzgpz91RTzVMWVSttm0=
19,10,mph/UBE7AKrvTbWgQCyNBGP7Yn0=,aq/SizjGDzgpz91RTzVMWVSttm0=
18,10,mph/UBE7AKrvTbWgQCyNBGP7Yn0=,aq/SizjGDzgpz91RTzVMWVSttm0=
17,10,mph/UBE7AKrvTbWgQCyNBGP7Yn0=,aq/SizjGDzgpz91RTzVMWVSttm0=
22,9,mph/UBE7AKrvTbWgQCyNBGP7Yn0=,aq/SizjGDzgpz91RTzVMWVSttm0=
21,9,mph/UBE7AKrvTbWgQCyNBGP7Yn0=,aq/SizjGDzgpz91RTzVMWVSttm0=
20,9,mph/UBE7AKrvTbWgQCyNBGP7Yn0=,aq/SizjGDzgpz91RTzVMWVSttm0=
18,9,mph/UBE7AKrvTbWgQCyNBGP7Yn0=,aq/SizjGDzgpz91RTzVMWVSttm0=
19,9,mph/UBE7AKrvTbWgQCyNBGP7Yn0=,aq/SizjGDzgpz91RTzVMWVSttm0=
28,13,mph/UBE7AKrvTbWgQCyNBGP7Yn0=,UXuYx0/TJ3nqXyzZwyWkQD4IZBE=
29,13,mph/UBE7AKrvTbWgQCyNBGP7Yn0=,UXuYx0/TJ3nqXyzZwyWkQD4IZBE=
30,13,mph/UBE7AKrvTbWgQCyNBGP7Yn0=,UXuYx0/TJ3nqXyzZwyWkQD4IZBE=
24,14,mph/UBE7AKrvTbWgQCyNBGP7Yn0=,UXuYx0/TJ3nqXyzZwyWkQD4IZBE=
25,14,mph/UBE7AKrvTbWgQCyNBGP7Yn0=,UXuYx0/TJ3nqXyzZwyWkQD4IZBE=
26,14,mph/UBE7AKrvTbWgQCyNBGP7Yn0=,UXuYx0/TJ3nqXyzZwyWkQD4IZBE=
27,14,mph/UBE7AKrvTbWgQCyNBGP7Yn0=,UXuYx0/TJ3nqXyzZwyWkQD4IZBE=
28,14,mph/UBE7AKrvTbWgQCyNBGP7Yn0=,UXuYx0/TJ3nqXyzZwyWkQD4IZBE=
29,14,mph/UBE7AKrvTbWgQCyNBGP7Yn0=,UXuYx0/TJ3nqXyzZwyWkQD4IZBE=
30,14,mph/UBE7AKrvTbWgQCyNBGP7Yn0=,UXuYx0/TJ3nqXyzZwyWkQD4IZBE=
24,9,mph/UBE7AKrvTbWgQCyNBGP7Yn0=,UXuYx0/TJ3nqXyzZwyWkQD4IZBE=
25,9,mph/UBE7AKrvTbWgQCyNBGP7Yn0=,UXuYx0/TJ3nqXyzZwyWkQD4IZBE=
27,13,mph/UBE7AKrvTbWgQCyNBGP7Yn0=,UXuYx0/TJ3nqXyzZwyWkQD4IZBE=
26,9,mph/UBE7AKrvTbWgQCyNBGP7Yn0=,UXuYx0/TJ3nqXyzZwyWkQD4IZBE=
27,9,mph/UBE7AKrvTbWgQCyNBGP7Yn0=,UXuYx0/TJ3nqXyzZwyWkQD4IZBE=
28,9,mph/UBE7AKrvTbWgQCyNBGP7Yn0=,UXuYx0/TJ3nqXyzZwyWkQD4IZBE=
29,9,mph/UBE7AKrvTbWgQCyNBGP7Yn0=,UXuYx0/TJ3nqXyzZwyWkQD4IZBE=
30,9,mph/UBE7AKrvTbWgQCyNBGP7Yn0=,UXuYx0/TJ3nqXyzZwyWkQD4IZBE=
23,9,mph/UBE7AKrvTbWgQCyNBGP7Yn0=,aq/SizjGDzgpz91RTzVMWVSttm0=
24,10,mph/UBE7AKrvTbWgQCyNBGP7Yn0=,UXuYx0/TJ3nqXyzZwyWkQD4IZBE=
25,10,mph/UBE7AKrvTbWgQCyNBGP7Yn0=,UXuYx0/TJ3nqXyzZwyWkQD4IZBE=
26,10,mph/UBE7AKrvTbWgQCyNBGP7Yn0=,UXuYx0/TJ3nqXyzZwyWkQD4IZBE=
27,10,mph/UBE7AKrvTbWgQCyNBGP7Yn0=,UXuYx0/TJ3nqXyzZwyWkQD4IZBE=
28,10,mph/UBE7AKrvTbWgQCyNBGP7Yn0=,UXuYx0/TJ3nqXyzZwyWkQD4IZBE=
29,10,mph/UBE7AKrvTbWgQCyNBGP7Yn0=,UXuYx0/TJ3nqXyzZwyWkQD4IZBE=
30,10,mph/UBE7AKrvTbWgQCyNBGP7Yn0=,UXuYx0/TJ3nqXyzZwyWkQD4IZBE=
24,11,mph/UBE7AKrvTbWgQCyNBGP7Yn0=,UXuYx0/TJ3nqXyzZwyWkQD4IZBE=
23,10,mph/UBE7AKrvTbWgQCyNBGP7Yn0=,aq/SizjGDzgpz91RTzVMWVSttm0=
25,11,mph/UBE7AKrvTbWgQCyNBGP7Yn0=,UXuYx0/TJ3nqXyzZwyWkQD4IZBE=
26,11,mph/UBE7AKrvTbWgQCyNBGP7Yn0=,UXuYx0/TJ3nqXyzZwyWkQD4IZBE=
23,11,mph/UBE7AKrvTbWgQCyNBGP7Yn0=,aq/SizjGDzgpz91RTzVMWVSttm0=
23,12,mph/UBE7AKrvTbWgQCyNBGP7Yn0=,aq/SizjGDzgpz91RTzVMWVSttm0=
23,13,mph/UBE7AKrvTbWgQCyNBGP7Yn0=,aq/SizjGDzgpz91RTzVMWVSttm0=
27,11,mph/UBE7AKrvTbWgQCyNBGP7Yn0=,UXuYx0/TJ3nqXyzZwyWkQD4IZBE=
28,11,mph/UBE7AKrvTbWgQCyNBGP7Yn0=,UXuYx0/TJ3nqXyzZwyWkQD4IZBE=
29,11,mph/UBE7AKrvTbWgQCyNBGP7Yn0=,UXuYx0/TJ3nqXyzZwyWkQD4IZBE=
30,11,mph/UBE7AKrvTbWgQCyNBGP7Yn0=,UXuYx0/TJ3nqXyzZwyWkQD4IZBE=
24,12,mph/UBE7AKrvTbWgQCyNBGP7Yn0=,UXuYx0/TJ3nqXyzZwyWkQD4IZBE=
27,12,mph/UBE7AKrvTbWgQCyNBGP7Yn0=,UXuYx0/TJ3nqXyzZwyWkQD4IZBE=
28,12,mph/UBE7AKrvTbWgQCyNBGP7Yn0=,UXuYx0/TJ3nqXyzZwyWkQD4IZBE=
29,12,mph/UBE7AKrvTbWgQCyNBGP7Yn0=,UXuYx0/TJ3nqXyzZwyWkQD4IZBE=
25,12,mph/UBE7AKrvTbWgQCyNBGP7Yn0=,UXuYx0/TJ3nqXyzZwyWkQD4IZBE=
30,12,mph/UBE7AKrvTbWgQCyNBGP7Yn0=,UXuYx0/TJ3nqXyzZwyWkQD4IZBE=
23,14,mph/UBE7AKrvTbWgQCyNBGP7Yn0=,aq/SizjGDzgpz91RTzVMWVSttm0=
24,13,mph/UBE7AKrvTbWgQCyNBGP7Yn0=,UXuYx0/TJ3nqXyzZwyWkQD4IZBE=
25,13,mph/UBE7AKrvTbWgQCyNBGP7Yn0=,UXuYx0/TJ3nqXyzZwyWkQD4IZBE=
26,13,mph/UBE7AKrvTbWgQCyNBGP7Yn0=,UXuYx0/TJ3nqXyzZwyWkQD4IZBE=
25,8,mph/UBE7AKrvTbWgQCyNBGP7Yn0=,UXuYx0/TJ3nqXyzZwyWkQD4IZBE=
27,3,mph/UBE7AKrvTbWgQCyNBGP7Yn0=,6Es8+XVy01ERlDefRiAMwDXVcy4=
26,8,mph/UBE7AKrvTbWgQCyNBGP7Yn0=,UXuYx0/TJ3nqXyzZwyWkQD4IZBE=
26,3,mph/UBE7AKrvTbWgQCyNBGP7Yn0=,6Es8+XVy01ERlDefRiAMwDXVcy4=
27,8,mph/UBE7AKrvTbWgQCyNBGP7Yn0=,UXuYx0/TJ3nqXyzZwyWkQD4IZBE=
25,3,mph/UBE7AKrvTbWgQCyNBGP7Yn0=,6Es8+XVy01ERlDefRiAMwDXVcy4=
30,7,mph/UBE7AKrvTbWgQCyNBGP7Yn0=,6Es8+XVy01ERlDefRiAMwDXVcy4=
29,7,mph/UBE7AKrvTbWgQCyNBGP7Yn0=,6Es8+XVy01ERlDefRiAMwDXVcy4=
28,7,mph/UBE7AKrvTbWgQCyNBGP7Yn0=,6Es8+XVy01ERlDefRiAMwDXVcy4=
28,8,mph/UBE7AKrvTbWgQCyNBGP7Yn0=,UXuYx0/TJ3nqXyzZwyWkQD4IZBE=
29,8,mph/UBE7AKrvTbWgQCyNBGP7Yn0=,UXuYx0/TJ3nqXyzZwyWkQD4IZBE=
30,8,mph/UBE7AKrvTbWgQCyNBGP7Yn0=,UXuYx0/TJ3nqXyzZwyWkQD4IZBE=
28,3,mph/UBE7AKrvTbWgQCyNBGP7Yn0=,6Es8+XVy01ERlDefRiAMwDXVcy4=
29,3,mph/UBE7AKrvTbWgQCyNBGP7Yn0=,6Es8+XVy01ERlDefRiAMwDXVcy4=
30,3,mph/UBE7AKrvTbWgQCyNBGP7Yn0=,6Es8+XVy01ERlDefRiAMwDXVcy4=
25,4,mph/UBE7AKrvTbWgQCyNBGP7Yn0=,6Es8+XVy01ERlDefRiAMwDXVcy4=
27,4,mph/UBE7AKrvTbWgQCyNBGP7Yn0=,6Es8+XVy01ERlDefRiAMwDXVcy4=
26,4,mph/UBE7AKrvTbWgQCyNBGP7Yn0=,6Es8+XVy01ERlDefRiAMwDXVcy4=
28,4,mph/UBE7AKrvTbWgQCyNBGP7Yn0=,6Es8+XVy01ERlDefRiAMwDXVcy4=
27,7,mph/UBE7AKrvTbWgQCyNBGP7Yn0=,6Es8+XVy01ERlDefRiAMwDXVcy4=
29,4,mph/UBE7AKrvTbWgQCyNBGP7Yn0=,6Es8+XVy01ERlDefRiAMwDXVcy4=
26,7,mph/UBE7AKrvTbWgQCyNBGP7Yn0=,6Es8+XVy01ERlDefRiAMwDXVcy4=
30,2,mph/UBE7AKrvTbWgQCyNBGP7Yn0=,6Es8+XVy01ERlDefRiAMwDXVcy4=
29,2,mph/UBE7AKrvTbWgQCyNBGP7Yn0=,6Es8+XVy01ERlDefRiAMwDXVcy4=
28,2,mph/UBE7AKrvTbWgQCyNBGP7Yn0=,6Es8+XVy01ERlDefRiAMwDXVcy4=
27,2,mph/UBE7AKrvTbWgQCyNBGP7Yn0=,6Es8+XVy01ERlDefRiAMwDXVcy4=
30,4,mph/UBE7AKrvTbWgQCyNBGP7Yn0=,6Es8+XVy01ERlDefRiAMwDXVcy4=
25,1,mph/UBE7AKrvTbWgQCyNBGP7Yn0=,6Es8+XVy01ERlDefRiAMwDXVcy4=
25,5,mph/UBE7AKrvTbWgQCyNBGP7Yn0=,6Es8+XVy01ERlDefRiAMwDXVcy4=
26,5,mph/UBE7AKrvTbWgQCyNBGP7Yn0=,6Es8+XVy01ERlDefRiAMwDXVcy4=
26,1,mph/UBE7AKrvTbWgQCyNBGP7Yn0=,6Es8+XVy01ERlDefRiAMwDXVcy4=
27,5,mph/UBE7AKrvTbWgQCyNBGP7Yn0=,6Es8+XVy01ERlDefRiAMwDXVcy4=
28,5,mph/UBE7AKrvTbWgQCyNBGP7Yn0=,6Es8+XVy01ERlDefRiAMwDXVcy4=
29,5,mph/UBE7AKrvTbWgQCyNBGP7Yn0=,6Es8+XVy01ERlDefRiAMwDXVcy4=
27,1,mph/UBE7AKrvTbWgQCyNBGP7Yn0=,6Es8+XVy01ERlDefRiAMwDXVcy4=
30,5,mph/UBE7AKrvTbWgQCyNBGP7Yn0=,6Es8+XVy01ERlDefRiAMwDXVcy4=
25,6,mph/UBE7AKrvTbWgQCyNBGP7Yn0=,6Es8+XVy01ERlDefRiAMwDXVcy4=
28,1,mph/UBE7AKrvTbWgQCyNBGP7Yn0=,6Es8+XVy01ERlDefRiAMwDXVcy4=
26,6,mph/UBE7AKrvTbWgQCyNBGP7Yn0=,6Es8+XVy01ERlDefRiAMwDXVcy4=
27,6,mph/UBE7AKrvTbWgQCyNBGP7Yn0=,6Es8+XVy01ERlDefRiAMwDXVcy4=
28,6,mph/UBE7AKrvTbWgQCyNBGP7Yn0=,6Es8+XVy01ERlDefRiAMwDXVcy4=
29,6,mph/UBE7AKrvTbWgQCyNBGP7Yn0=,6Es8+XVy01ERlDefRiAMwDXVcy4=
29,1,mph/UBE7AKrvTbWgQCyNBGP7Yn0=,6Es8+XVy01ERlDefRiAMwDXVcy4=
30,6,mph/UBE7AKrvTbWgQCyNBGP7Yn0=,6Es8+XVy01ERlDefRiAMwDXVcy4=
30,1,mph/UBE7AKrvTbWgQCyNBGP7Yn0=,6Es8+XVy01ERlDefRiAMwDXVcy4=
25,2,mph/UBE7AKrvTbWgQCyNBGP7Yn0=,6Es8+XVy01ERlDefRiAMwDXVcy4=
26,2,mph/UBE7AKrvTbWgQCyNBGP7Yn0=,6Es8+XVy01ERlDefRiAMwDXVcy4=
25,7,mph/UBE7AKrvTbWgQCyNBGP7Yn0=,6Es8+XVy01ERlDefRiAMwDXVcy4=
26,12,mph/UBE7AKrvTbWgQCyNBGP7Yn0=,UXuYx0/TJ3nqXyzZwyWkQD4IZBE=
22,2,mph/UBE7AKrvTbWgQCyNBGP7Yn0=,KlDS48TUge2O7M3S1lTFWwLFGes=
18,1,mph/UBE7AKrvTbWgQCyNBGP7Yn0=,KlDS48TUge2O7M3S1lTFWwLFGes=
23,2,mph/UBE7AKrvTbWgQCyNBGP7Yn0=,KlDS48TUge2O7M3S1lTFWwLFGes=
20,3,mph/UBE7AKrvTbWgQCyNBGP7Yn0=,KlDS48TUge2O7M3S1lTFWwLFGes=
21,3,mph/UBE7AKrvTbWgQCyNBGP7Yn0=,KlDS48TUge2O7M3S1lTFWwLFGes=
22,3,mph/UBE7AKrvTbWgQCyNBGP7Yn0=,KlDS48TUge2O7M3S1lTFWwLFGes=
24,8,mph/UBE7AKrvTbWgQCyNBGP7Yn0=,UXuYx0/TJ3nqXyzZwyWkQD4IZBE=
23,3,mph/UBE7AKrvTbWgQCyNBGP7Yn0=,KlDS48TUge2O7M3S1lTFWwLFGes=
19,3,mph/UBE7AKrvTbWgQCyNBGP7Yn0=,KlDS48TUge2O7M3S1lTFWwLFGes=
23,7,mph/UBE7AKrvTbWgQCyNBGP7Yn0=,KlDS48TUge2O7M3S1lTFWwLFGes=
24,3,mph/UBE7AKrvTbWgQCyNBGP7Yn0=,6Es8+XVy01ERlDefRiAMwDXVcy4=
22,7,mph/UBE7AKrvTbWgQCyNBGP7Yn0=,KlDS48TUge2O7M3S1lTFWwLFGes=
17,4,mph/UBE7AKrvTbWgQCyNBGP7Yn0=,KlDS48TUge2O7M3S1lTFWwLFGes=
20,2,mph/UBE7AKrvTbWgQCyNBGP7Yn0=,KlDS48TUge2O7M3S1lTFWwLFGes=
21,7,mph/UBE7AKrvTbWgQCyNBGP7Yn0=,KlDS48TUge2O7M3S1lTFWwLFGes=
20,7,mph/UBE7AKrvTbWgQCyNBGP7Yn0=,KlDS48TUge2O7M3S1lTFWwLFGes=
19,7,mph/UBE7AKrvTbWgQCyNBGP7Yn0=,KlDS48TUge2O7M3S1lTFWwLFGes=
18,7,mph/UBE7AKrvTbWgQCyNBGP7Yn0=,KlDS48TUge2O7M3S1lTFWwLFGes=
18,4,mph/UBE7AKrvTbWgQCyNBGP7Yn0=,KlDS48TUge2O7M3S1lTFWwLFGes=
17,7,mph/UBE7AKrvTbWgQCyNBGP7Yn0=,KlDS48TUge2O7M3S1lTFWwLFGes=
24,7,mph/UBE7AKrvTbWgQCyNBGP7Yn0=,6Es8+XVy01ERlDefRiAMwDXVcy4=
24,2,mph/UBE7AKrvTbWgQCyNBGP7Yn0=,6Es8+XVy01ERlDefRiAMwDXVcy4=
19,1,mph/UBE7AKrvTbWgQCyNBGP7Yn0=,KlDS48TUge2O7M3S1lTFWwLFGes=
19,4,mph/UBE7AKrvTbWgQCyNBGP7Yn0=,KlDS48TUge2O7M3S1lTFWwLFGes=
20,4,mph/UBE7AKrvTbWgQCyNBGP7Yn0=,KlDS48TUge2O7M3S1lTFWwLFGes=
21,4,mph/UBE7AKrvTbWgQCyNBGP7Yn0=,KlDS48TUge2O7M3S1lTFWwLFGes=
18,3,mph/UBE7AKrvTbWgQCyNBGP7Yn0=,KlDS48TUge2O7M3S1lTFWwLFGes=
22,4,mph/UBE7AKrvTbWgQCyNBGP7Yn0=,KlDS48TUge2O7M3S1lTFWwLFGes=
23,6,mph/UBE7AKrvTbWgQCyNBGP7Yn0=,KlDS48TUge2O7M3S1lTFWwLFGes=
22,6,mph/UBE7AKrvTbWgQCyNBGP7Yn0=,KlDS48TUge2O7M3S1lTFWwLFGes=
17,8,mph/UBE7AKrvTbWgQCyNBGP7Yn0=,aq/SizjGDzgpz91RTzVMWVSttm0=
17,3,mph/UBE7AKrvTbWgQCyNBGP7Yn0=,KlDS48TUge2O7M3S1lTFWwLFGes=
18,8,mph/UBE7AKrvTbWgQCyNBGP7Yn0=,aq/SizjGDzgpz91RTzVMWVSttm0=
21,6,mph/UBE7AKrvTbWgQCyNBGP7Yn0=,KlDS48TUge2O7M3S1lTFWwLFGes=
20,6,mph/UBE7AKrvTbWgQCyNBGP7Yn0=,KlDS48TUge2O7M3S1lTFWwLFGes=
23,4,mph/UBE7AKrvTbWgQCyNBGP7Yn0=,KlDS48TUge2O7M3S1lTFWwLFGes=
23,1,mph/UBE7AKrvTbWgQCyNBGP7Yn0=,KlDS48TUge2O7M3S1lTFWwLFGes=
21,2,mph/UBE7AKrvTbWgQCyNBGP7Yn0=,KlDS48TUge2O7M3S1lTFWwLFGes=
24,6,mph/UBE7AKrvTbWgQCyNBGP7Yn0=,6Es8+XVy01ERlDefRiAMwDXVcy4=
17,2,mph/UBE7AKrvTbWgQCyNBGP7Yn0=,KlDS48TUge2O7M3S1lTFWwLFGes=
19,8,mph/UBE7AKrvTbWgQCyNBGP7Yn0=,aq/SizjGDzgpz91RTzVMWVSttm0=
20,8,mph/UBE7AKrvTbWgQCyNBGP7Yn0=,aq/SizjGDzgpz91RTzVMWVSttm0=
19,6,mph/UBE7AKrvTbWgQCyNBGP7Yn0=,KlDS48TUge2O7M3S1lTFWwLFGes=
18,6,mph/UBE7AKrvTbWgQCyNBGP7Yn0=,KlDS48TUge2O7M3S1lTFWwLFGes=
22,1,mph/UBE7AKrvTbWgQCyNBGP7Yn0=,KlDS48TUge2O7M3S1lTFWwLFGes=
21,1,mph/UBE7AKrvTbWgQCyNBGP7Yn0=,KlDS48TUge2O7M3S1lTFWwLFGes=
24,5,mph/UBE7AKrvTbWgQCyNBGP7Yn0=,6Es8+XVy01ERlDefRiAMwDXVcy4=
17,6,mph/UBE7AKrvTbWgQCyNBGP7Yn0=,KlDS48TUge2O7M3S1lTFWwLFGes=
18,2,mph/UBE7AKrvTbWgQCyNBGP7Yn0=,KlDS48TUge2O7M3S1lTFWwLFGes=
21,8,mph/UBE7AKrvTbWgQCyNBGP7Yn0=,aq/SizjGDzgpz91RTzVMWVSttm0=
20,1,mph/UBE7AKrvTbWgQCyNBGP7Yn0=,KlDS48TUge2O7M3S1lTFWwLFGes=
22,8,mph/UBE7AKrvTbWgQCyNBGP7Yn0=,aq/SizjGDzgpz91RTzVMWVSttm0=
23,8,mph/UBE7AKrvTbWgQCyNBGP7Yn0=,aq/SizjGDzgpz91RTzVMWVSttm0=
19,2,mph/UBE7AKrvTbWgQCyNBGP7Yn0=,KlDS48TUge2O7M3S1lTFWwLFGes=
17,1,mph/UBE7AKrvTbWgQCyNBGP7Yn0=,KlDS48TUge2O7M3S1lTFWwLFGes=
24,1,mph/UBE7AKrvTbWgQCyNBGP7Yn0=,6Es8+XVy01ERlDefRiAMwDXVcy4=
17,5,mph/UBE7AKrvTbWgQCyNBGP7Yn0=,KlDS48TUge2O7M3S1lTFWwLFGes=
23,5,mph/UBE7AKrvTbWgQCyNBGP7Yn0=,KlDS48TUge2O7M3S1lTFWwLFGes=
22,5,mph/UBE7AKrvTbWgQCyNBGP7Yn0=,KlDS48TUge2O7M3S1lTFWwLFGes=
21,5,mph/UBE7AKrvTbWgQCyNBGP7Yn0=,KlDS48TUge2O7M3S1lTFWwLFGes=
24,4,mph/UBE7AKrvTbWgQCyNBGP7Yn0=,6Es8+XVy01ERlDefRiAMwDXVcy4=
18,5,mph/UBE7AKrvTbWgQCyNBGP7Yn0=,KlDS48TUge2O7M3S1lTFWwLFGes=
19,5,mph/UBE7AKrvTbWgQCyNBGP7Yn0=,KlDS48TUge2O7M3S1lTFWwLFGes=
20,5,mph/UBE7AKrvTbWgQCyNBGP7Yn0=,KlDS48TUge2O7M3S1lTFWwLFGes=
20,15,mph/UBE7AKrvTbWgQCyNBGP7Yn0=,aq/SizjGDzgpz91RTzVMWVSttm0=
22,15,mph/UBE7AKrvTbWgQCyNBGP7Yn0=,aq/SizjGDzgpz91RTzVMWVSttm0=
21,15,mph/UBE7AKrvTbWgQCyNBGP7Yn0=,aq/SizjGDzgpz91RTzVMWVSttm0=
17,15,mph/UBE7AKrvTbWgQCyNBGP7Yn0=,aq/SizjGDzgpz91RTzVMWVSttm0=
18,15,mph/UBE7AKrvTbWgQCyNBGP7Yn0=,aq/SizjGDzgpz91RTzVMWVSttm0=
19,15,mph/UBE7AKrvTbWgQCyNBGP7Yn0=,aq/SizjGDzgpz91RTzVMWVSttm0=
31,13,mph/UBE7AKrvTbWgQCyNBGP7Yn0=,UXuYx0/TJ3nqXyzZwyWkQD4IZBE=
31,14,mph/UBE7AKrvTbWgQCyNBGP7Yn0=,UXuYx0/TJ3nqXyzZwyWkQD4IZBE=
31,9,mph/UBE7AKrvTbWgQCyNBGP7Yn0=,UXuYx0/TJ3nqXyzZwyWkQD4IZBE=
31,10,mph/UBE7AKrvTbWgQCyNBGP7Yn0=,UXuYx0/TJ3nqXyzZwyWkQD4IZBE=
31,11,mph/UBE7AKrvTbWgQCyNBGP7Yn0=,UXuYx0/TJ3nqXyzZwyWkQD4IZBE=
31,12,mph/UBE7AKrvTbWgQCyNBGP7Yn0=,UXuYx0/TJ3nqXyzZwyWkQD4IZBE=
16,14,mph/UBE7AKrvTbWgQCyNBGP7Yn0=,aq/SizjGDzgpz91RTzVMWVSttm0=
16,13,mph/UBE7AKrvTbWgQCyNBGP7Yn0=,aq/SizjGDzgpz91RTzVMWVSttm0=
16,12,mph/UBE7AKrvTbWgQCyNBGP7Yn0=,aq/SizjGDzgpz91RTzVMWVSttm0=
16,11,mph/UBE7AKrvTbWgQCyNBGP7Yn0=,aq/SizjGDzgpz91RTzVMWVSttm0=
16,10,mph/UBE7AKrvTbWgQCyNBGP7Yn0=,aq/SizjGDzgpz91RTzVMWVSttm0=
16,9,mph/UBE7AKrvTbWgQCyNBGP7Yn0=,aq/SizjGDzgpz91RTzVMWVSttm0=
16,3,mph/UBE7AKrvTbWgQCyNBGP7Yn0=,KlDS48TUge2O7M3S1lTFWwLFGes=
16,4,mph/UBE7AKrvTbWgQCyNBGP7Yn0=,KlDS48TUge2O7M3S1lTFWwLFGes=
16,7,mph/UBE7AKrvTbWgQCyNBGP7Yn0=,KlDS48TUge2O7M3S1lTFWwLFGes=
16,8,mph/UBE7AKrvTbWgQCyNBGP7Yn0=,aq/SizjGDzgpz91RTzVMWVSttm0=
16,6,mph/UBE7AKrvTbWgQCyNBGP7Yn0=,KlDS48TUge2O7M3S1lTFWwLFGes=
16,1,mph/UBE7AKrvTbWgQCyNBGP7Yn0=,KlDS48TUge2O7M3S1lTFWwLFGes=
16,2,mph/UBE7AKrvTbWgQCyNBGP7Yn0=,KlDS48TUge2O7M3S1lTFWwLFGes=
16,5,mph/UBE7AKrvTbWgQCyNBGP7Yn0=,KlDS48TUge2O7M3S1lTFWwLFGes=
20,0,mph/UBE7AKrvTbWgQCyNBGP7Yn0=,KlDS48TUge2O7M3S1lTFWwLFGes=
21,0,mph/UBE7AKrvTbWgQCyNBGP7Yn0=,KlDS48TUge2O7M3S1lTFWwLFGes=
19,0,mph/UBE7AKrvTbWgQCyNBGP7Yn0=,KlDS48TUge2O7M3S1lTFWwLFGes=
17,0,mph/UBE7AKrvTbWgQCyNBGP7Yn0=,KlDS48TUge2O7M3S1lTFWwLFGes=
22,0,mph/UBE7AKrvTbWgQCyNBGP7Yn0=,KlDS48TUge2O7M3S1lTFWwLFGes=
18,0,mph/UBE7AKrvTbWgQCyNBGP7Yn0=,KlDS48TUge2O7M3S1lTFWwLFGes=
23,0,mph/UBE7AKrvTbWgQCyNBGP7Yn0=,KlDS48TUge2O7M3S1lTFWwLFGes=
31,8,mph/UBE7AKrvTbWgQCyNBGP7Yn0=,UXuYx0/TJ3nqXyzZwyWkQD4IZBE=
31,3,mph/UBE7AKrvTbWgQCyNBGP7Yn0=,6Es8+XVy01ERlDefRiAMwDXVcy4=
24,0,mph/UBE7AKrvTbWgQCyNBGP7Yn0=,6Es8+XVy01ERlDefRiAMwDXVcy4=
25,0,mph/UBE7AKrvTbWgQCyNBGP7Yn0=,6Es8+XVy01ERlDefRiAMwDXVcy4=
26,0,mph/UBE7AKrvTbWgQCyNBGP7Yn0=,6Es8+XVy01ERlDefRiAMwDXVcy4=
27,0,mph/UBE7AKrvTbWgQCyNBGP7Yn0=,6Es8+XVy01ERlDefRiAMwDXVcy4=
28,0,mph/UBE7AKrvTbWgQCyNBGP7Yn0=,6Es8+XVy01ERlDefRiAMwDXVcy4=
29,0,mph/UBE7AKrvTbWgQCyNBGP7Yn0=,6Es8+XVy01ERlDefRiAMwDXVcy4=
30,0,mph/UBE7AKrvTbWgQCyNBGP7Yn0=,6Es8+XVy01ERlDefRiAMwDXVcy4=
31,7,mph/UBE7AKrvTbWgQCyNBGP7Yn0=,6Es8+XVy01ERlDefRiAMwDXVcy4=
31,2,mph/UBE7AKrvTbWgQCyNBGP7Yn0=,6Es8+XVy01ERlDefRiAMwDXVcy4=
31,1,mph/UBE7AKrvTbWgQCyNBGP7Yn0=,6Es8+XVy01ERlDefRiAMwDXVcy4=
31,6,mph/UBE7AKrvTbWgQCyNBGP7Yn0=,6Es8+XVy01ERlDefRiAMwDXVcy4=
31,4,mph/UBE7AKrvTbWgQCyNBGP7Yn0=,6Es8+XVy01ERlDefRiAMwDXVcy4=
31,5,mph/UBE7AKrvTbWgQCyNBGP7Yn0=,6Es8+XVy01ERlDefRiAMwDXVcy4=
31,0,mph/UBE7AKrvTbWgQCyNBGP7Yn0=,6Es8+XVy01ERlDefRiAMwDXVcy4=
16,15,mph/UBE7AKrvTbWgQCyNBGP7Yn0=,aq/SizjGDzgpz91RTzVMWVSttm0=
30,15,mph/UBE7AKrvTbWgQCyNBGP7Yn0=,UXuYx0/TJ3nqXyzZwyWkQD4IZBE=
29,15,mph/UBE7AKrvTbWgQCyNBGP7Yn0=,UXuYx0/TJ3nqXyzZwyWkQD4IZBE=
28,15,mph/UBE7AKrvTbWgQCyNBGP7Yn0=,UXuYx0/TJ3nqXyzZwyWkQD4IZBE=
27,15,mph/UBE7AKrvTbWgQCyNBGP7Yn0=,UXuYx0/TJ3nqXyzZwyWkQD4IZBE=
26,15,mph/UBE7AKrvTbWgQCyNBGP7Yn0=,UXuYx0/TJ3nqXyzZwyWkQD4IZBE=
24,15,mph/UBE7AKrvTbWgQCyNBGP7Yn0=,UXuYx0/TJ3nqXyzZwyWkQD4IZBE=
25,15,mph/UBE7AKrvTbWgQCyNBGP7Yn0=,UXuYx0/TJ3nqXyzZwyWkQD4IZBE=
23,15,mph/UBE7AKrvTbWgQCyNBGP7Yn0=,aq/SizjGDzgpz91RTzVMWVSttm0=
31,15,mph/UBE7AKrvTbWgQCyNBGP7Yn0=,UXuYx0/TJ3nqXyzZwyWkQD4IZBE=
16,0,mph/UBE7AKrvTbWgQCyNBGP7Yn0=,KlDS48TUge2O7M3S1lTFWwLFGes=
